Year of Estimate,State Name,Total 
1970,Alabama,3454557 
1970,Alaska,305328 
1970,Arizona,1799531 
1970,Arkansas,1932816 
1970,California,20045806 
1970,Colorado,2228340 
1970,Connecticut,3038035 
1970,Delaware,551509 
1970,District of Columbia,755466 
1970,Florida,6865460 
1970,Georgia,4611479 
1970,Hawaii,776177 
1970,Idaho,718147 
1970,Illinois,11129316 
1970,Indiana,5206262 
1970,Iowa,2830777 
1970,Kansas,2248359 
1970,Kentucky,3236121 
1970,Louisiana,3657391 
1970,Maine,998135 
1970,Maryland,3943493 
1970,Massachusetts,5699034 
1970,Michigan,8899844 
1970,Minnesota,3815381 
1970,Mississippi,2226138 
1970,Missouri,4686588 
1970,Montana,697665 
1970,Nebraska,1489064 
1970,Nevada,494996 
1970,New Hampshire,742566 
1970,New Jersey,7193210 
1970,New Mexico,1024290 
1970,New York,18266034 
1970,North Carolina,5107138 
1970,North Dakota,619616 
1970,Ohio,10672784 
1970,Oklahoma,2570926 
1970,Oregon,2103151 
1970,Pennsylvania,11817397 
1970,Rhode Island,952555 
1970,South Carolina,2604662 
1970,South Dakota,667299 
1970,Tennessee,3942583 
1970,Texas,11260221 
1970,Utah,1067600 
1970,Vermont,446649 
1970,Virginia,4671101 
1970,Washington,3419974 
1970,West Virginia,1749347 
1970,Wisconsin,4426419 
1970,Wyoming,333928 
1971,Alabama,3497349 
1971,Alaska,316366 
1971,Arizona,1896117 
1971,Arkansas,1971940 
1971,California,20345724 
1971,Colorado,2303608 
1971,Connecticut,3061455 
1971,Delaware,565207 
1971,District of Columbia,750641 
1971,Florida,7162971 
1971,Georgia,4709721 
1971,Hawaii,801251 
1971,Idaho,738856 
1971,Illinois,11205953 
1971,Indiana,5250028 
1971,Iowa,2851875 
1971,Kansas,2246461 
1971,Kentucky,3298565 
1971,Louisiana,3710415 
1971,Maine,1015679 
1971,Maryland,4022470 
1971,Massachusetts,5738634 
1971,Michigan,8971957 
1971,Minnesota,3851972 
1971,Mississippi,2265118 
1971,Missouri,4722984 
1971,Montana,711153 
1971,Nebraska,1504425 
1971,Nevada,520027 
1971,New Hampshire,762190 
1971,New Jersey,7281992 
1971,New Mexico,1053333 
1971,New York,18364991 
1971,North Carolina,5200624 
1971,North Dakota,626814 
1971,Ohio,10734897 
1971,Oklahoma,2618115 
1971,Oregon,2149942 
1971,Pennsylvania,11884462 
1971,Rhode Island,963988 
1971,South Carolina,2661616 
1971,South Dakota,671564 
1971,Tennessee,4010338 
1971,Texas,11510036 
1971,Utah,1100798 
1971,Vermont,454378 
1971,Virginia,4752480 
1971,Washington,3447070 
1971,West Virginia,1770346 
1971,Wisconsin,4460012 
1971,Wyoming,340058 
1972,Alabama,3540003 
1972,Alaska,326431 
1972,Arizona,2008852 
1972,Arkansas,2017987 
1972,California,20584918 
1972,Colorado,2404715 
1972,Connecticut,3069631 
1972,Delaware,573824 
1972,District of Columbia,743778 
1972,Florida,7520382 
1972,Georgia,4806621 
1972,Hawaii,827610 
1972,Idaho,763315 
1972,Illinois,11258208 
1972,Indiana,5296219 
1972,Iowa,2860464 
1972,Kansas,2255791 
1972,Kentucky,3336275 
1972,Louisiana,3761799 
1972,Maine,1034816 
1972,Maryland,4081123 
1972,Massachusetts,5762150 
1972,Michigan,9024729 
1972,Minnesota,3866890 
1972,Mississippi,2306980 
1972,Missouri,4753328 
1972,Montana,719272 
1972,Nebraska,1518356 
1972,Nevada,546805 
1972,New Hampshire,781710 
1972,New Jersey,7336570 
1972,New Mexico,1077889 
1972,New York,18351888 
1972,North Carolina,5296063 
1972,North Dakota,631073 
1972,Ohio,10747042 
1972,Oklahoma,2657777 
1972,Oregon,2195316 
1972,Pennsylvania,11904626 
1972,Rhode Island,976384 
1972,South Carolina,2718294 
1972,South Dakota,677476 
1972,Tennessee,4088549 
1972,Texas,11759213 
1972,Utah,1134632 
1972,Vermont,463212 
1972,Virginia,4827910 
1972,Washington,3446895 
1972,West Virginia,1796949 
1972,Wisconsin,4498455 
1972,Wyoming,346893 
1973,Alabama,3580759 
1973,Alaska,333134 
1973,Arizona,2125305 
1973,Arkansas,2058402 
1973,California,20867894 
1973,Colorado,2495942 
1973,Connecticut,3069158 
1973,Delaware,579100 
1973,District of Columbia,733677 
1973,Florida,7927232 
1973,Georgia,4906450 
1973,Hawaii,850517 
1973,Idaho,782142 
1973,Illinois,11260386 
1973,Indiana,5329163 
1973,Iowa,2864033 
1973,Kansas,2264585 
1973,Kentucky,3371741 
1973,Louisiana,3788684 
1973,Maine,1046432 
1973,Maryland,4109069 
1973,Massachusetts,5783836 
1973,Michigan,9071832 
1973,Minnesota,3885200 
1973,Mississippi,2349565 
1973,Missouri,4774667 
1973,Montana,727504 
1973,Nebraska,1528599 
1973,Nevada,568946 
1973,New Hampshire,801832 
1973,New Jersey,7335280 
1973,New Mexico,1104347 
1973,New York,18194899 
1973,North Carolina,5382396 
1973,North Dakota,632500 
1973,Ohio,10767335 
1973,Oklahoma,2694412 
1973,Oregon,2238985 
1973,Pennsylvania,11885290 
1973,Rhode Island,978018 
1973,South Carolina,2775339 
1973,South Dakota,678998 
1973,Tennessee,4138628 
1973,Texas,12019599 
1973,Utah,1168826 
1973,Vermont,468547 
1973,Virginia,4906505 
1973,Washington,3477308 
1973,West Virginia,1805347 
1973,Wisconsin,4518503 
1973,Wyoming,353385 
1974,Alabama,3627778 
1974,Alaska,344658 
1974,Arizona,2224356 
1974,Arkansas,2100229 
1974,California,21172684 
1974,Colorado,2541424 
1974,Connecticut,3075790 
1974,Delaware,583149 
1974,District of Columbia,720758 
1974,Florida,8317073 
1974,Georgia,4994465 
1974,Hawaii,866560 
1974,Idaho,808043 
1974,Illinois,11273801 
1974,Indiana,5349955 
1974,Iowa,2867942 
1974,Kansas,2268075 
1974,Kentucky,3417229 
1974,Louisiana,3820684 
1974,Maine,1060069 
1974,Maryland,4133329 
1974,Massachusetts,5777027 
1974,Michigan,9109456 
1974,Minnesota,3898512 
1974,Mississippi,2378460 
1974,Missouri,4785480 
1974,Montana,737316 
1974,Nebraska,1537905 
1974,Nevada,596747 
1974,New Hampshire,817071 
1974,New Jersey,7335230 
1974,New Mexico,1129663 
1974,New York,18072890 
1974,North Carolina,5461082 
1974,North Dakota,634267 
1974,Ohio,10765749 
1974,Oklahoma,2732590 
1974,Oregon,2281008 
1974,Pennsylvania,11864002 
1974,Rhode Island,953519 
1974,South Carolina,2843112 
1974,South Dakota,679892 
1974,Tennessee,4201789 
1974,Texas,12268221 
1974,Utah,1198852 
1974,Vermont,473148 
1974,Virginia,4978036 
1974,Washington,3547959 
1974,West Virginia,1814115 
1974,Wisconsin,4538220 
1974,Wyoming,364575 
1975,Alabama,3680495 
1975,Alaska,370866 
1975,Arizona,2286342 
1975,Arkansas,2158257 
1975,California,21536811 
1975,Colorado,2586243 
1975,Connecticut,3084745 
1975,Delaware,588737 
1975,District of Columbia,710304 
1975,Florida,8541584 
1975,Georgia,5058099 
1975,Hawaii,884406 
1975,Idaho,832061 
1975,Illinois,11306443 
1975,Indiana,5351155 
1975,Iowa,2881482 
1975,Kansas,2278947 
1975,Kentucky,3468957 
1975,Louisiana,3886835 
1975,Maine,1073287 
1975,Maryland,4157172 
1975,Massachusetts,5762168 
1975,Michigan,9107933 
1975,Minnesota,3925808 
1975,Mississippi,2399711 
1975,Missouri,4795560 
1975,Montana,749209 
1975,Nebraska,1541653 
1975,Nevada,619877 
1975,New Hampshire,830038 
1975,New Jersey,7341399 
1975,New Mexico,1162743 
1975,New York,18032337 
1975,North Carolina,5535035 
1975,North Dakota,638605 
1975,Ohio,10770620 
1975,Oklahoma,2771958 
1975,Oregon,2324646 
1975,Pennsylvania,11897884 
1975,Rhode Island,946352 
1975,South Carolina,2900130 
1975,South Dakota,681489 
1975,Tennessee,4260943 
1975,Texas,12568317 
1975,Utah,1233990 
1975,Vermont,479897 
1975,Virginia,5056199 
1975,Washington,3618928 
1975,West Virginia,1840660 
1975,Wisconsin,4569660 
1975,Wyoming,380537 
1976,Alabama,3737038 
1976,Alaska,392998 
1976,Arizona,2347970 
1976,Arkansas,2168656 
1976,California,21934604 
1976,Colorado,2632370 
1976,Connecticut,3085999 
1976,Delaware,592753 
1976,District of Columbia,696305 
1976,Florida,8695198 
1976,Georgia,5125734 
1976,Hawaii,902061 
1976,Idaho,857076 
1976,Illinois,11360331 
1976,Indiana,5371615 
1976,Iowa,2903776 
1976,Kansas,2298892 
1976,Kentucky,3530680 
1976,Louisiana,3951506 
1976,Maine,1089964 
1976,Maryland,4172112 
1976,Massachusetts,5748885 
1976,Michigan,9117539 
1976,Minnesota,3956673 
1976,Mississippi,2430110 
1976,Missouri,4823715 
1976,Montana,758597 
1976,Nebraska,1549128 
1976,Nevada,646870 
1976,New Hampshire,847025 
1976,New Jersey,7344079 
1976,New Mexico,1195208 
1976,New York,17974781 
1976,North Carolina,5593340 
1976,North Dakota,645429 
1976,Ohio,10752843 
1976,Oklahoma,2823332 
1976,Oregon,2372217 
1976,Pennsylvania,11887569 
1976,Rhode Island,950328 
1976,South Carolina,2941304 
1976,South Dakota,686917 
1976,Tennessee,4329200 
1976,Texas,12903392 
1976,Utah,1272410 
1976,Vermont,485172 
1976,Virginia,5132519 
1976,Washington,3690628 
1976,West Virginia,1877536 
1976,Wisconsin,4584747 
1976,Wyoming,395493 
1977,Alabama,3782571 
1977,Alaska,397220 
1977,Arizona,2427296 
1977,Arkansas,2207195 
1977,California,22350332 
1977,Colorado,2696179 
1977,Connecticut,3088745 
1977,Delaware,594815 
1977,District of Columbia,681766 
1977,Florida,8888806 
1977,Georgia,5211306 
1977,Hawaii,915753 
1977,Idaho,883539 
1977,Illinois,11406331 
1977,Indiana,5405151 
1977,Iowa,2914404 
1977,Kansas,2318147 
1977,Kentucky,3575221 
1977,Louisiana,4015423 
1977,Maine,1105357 
1977,Maryland,4194629 
1977,Massachusetts,5744117 
1977,Michigan,9157357 
1977,Minnesota,3979937 
1977,Mississippi,2459607 
1977,Missouri,4845283 
1977,Montana,771428 
1977,Nebraska,1554759 
1977,Nevada,678154 
1977,New Hampshire,871873 
1977,New Jersey,7342023 
1977,New Mexico,1225310 
1977,New York,17851561 
1977,North Carolina,5668363 
1977,North Dakota,649294 
1977,Ohio,10771362 
1977,Oklahoma,2865865 
1977,Oregon,2439477 
1977,Pennsylvania,11881959 
1977,Rhode Island,955133 
1977,South Carolina,2988908 
1977,South Dakota,689104 
1977,Tennessee,4401991 
1977,Texas,13192014 
1977,Utah,1316443 
1977,Vermont,492180 
1977,Virginia,5205505 
1977,Washington,3772421 
1977,West Virginia,1905696 
1977,Wisconsin,4613339 
1977,Wyoming,411606 
1978,Alabama,3833971 
1978,Alaska,402051 
1978,Arizona,2517851 
1978,Arkansas,2240956 
1978,California,22839038 
1978,Colorado,2766843 
1978,Connecticut,3094869 
1978,Delaware,598183 
1978,District of Columbia,670045 
1978,Florida,9131410 
1978,Georgia,5285688 
1978,Hawaii,928804 
1978,Idaho,911042 
1978,Illinois,11434520 
1978,Indiana,5446484 
1978,Iowa,2919047 
1978,Kansas,2333141 
1978,Kentucky,3611577 
1978,Louisiana,4073143 
1978,Maine,1115461 
1978,Maryland,4211619 
1978,Massachusetts,5742953 
1978,Michigan,9202029 
1978,Minnesota,4004738 
1978,Mississippi,2487840 
1978,Missouri,4871354 
1978,Montana,784108 
1978,Nebraska,1561134 
1978,Nevada,719391 
1978,New Hampshire,893981 
1978,New Jersey,7356425 
1978,New Mexico,1251898 
1978,New York,17720503 
1978,North Carolina,5739221 
1978,North Dakota,650802 
1978,Ohio,10795544 
1978,Oklahoma,2912963 
1978,Oregon,2509658 
1978,Pennsylvania,11864840 
1978,Rhode Island,957247 
1978,South Carolina,3041015 
1978,South Dakota,689368 
1978,Tennessee,4461690 
1978,Texas,13497902 
1978,Utah,1364279 
1978,Vermont,498306 
1978,Virginia,5283888 
1978,Washington,3886250 
1978,West Virginia,1920428 
1978,Wisconsin,4630998 
1978,Wyoming,430953 
1979,Alabama,3869340 
1979,Alaska,403367 
1979,Arizona,2638572 
1979,Arkansas,2269073 
1979,California,23255178 
1979,Colorado,2849298 
1979,Connecticut,3099931 
1979,Delaware,598823 
1979,District of Columbia,655620 
1979,Florida,9470482 
1979,Georgia,5390853 
1979,Hawaii,950042 
1979,Idaho,932725 
1979,Illinois,11422890 
1979,Indiana,5474976 
1979,Iowa,2916824 
1979,Kansas,2347705 
1979,Kentucky,3643920 
1979,Louisiana,4139128 
1979,Maine,1124939 
1979,Maryland,4223366 
1979,Massachusetts,5746212 
1979,Michigan,9248893 
1979,Minnesota,4038217 
1979,Mississippi,2507743 
1979,Missouri,4889416 
1979,Montana,789255 
1979,Nebraska,1564670 
1979,Nevada,765194 
1979,New Hampshire,911900 
1979,New Jersey,7373065 
1979,New Mexico,1280594 
1979,New York,17633759 
1979,North Carolina,5801496 
1979,North Dakota,652317 
1979,Ohio,10798677 
1979,Oklahoma,2970069 
1979,Oregon,2578367 
1979,Pennsylvania,11873663 
1979,Rhode Island,956651 
1979,South Carolina,3086840 
1979,South Dakota,689106 
1979,Tennessee,4533346 
1979,Texas,13887550 
1979,Utah,1416142 
1979,Vermont,505730 
1979,Virginia,5324338 
1979,Washington,4012909 
1979,West Virginia,1939112 
1979,Wisconsin,4665965 
1979,Wyoming,451894 
1980,Alabama,3900368 
1980,Alaska,405315 
1980,Arizona,2737774 
1980,Arkansas,2288738 
1980,California,23800800 
1980,Colorado,2908803 
1980,Connecticut,3113174 
1980,Delaware,594919 
1980,District of Columbia,638284 
1980,Florida,9839835 
1980,Georgia,5486174 
1980,Hawaii,967710 
1980,Idaho,947983 
1980,Illinois,11434702 
1980,Indiana,5490721 
1980,Iowa,2914018 
1980,Kansas,2369039 
1980,Kentucky,3664221 
1980,Louisiana,4223101 
1980,Maine,1126860 
1980,Maryland,4227643 
1980,Massachusetts,5746075 
1980,Michigan,9255553 
1980,Minnesota,4085017 
1980,Mississippi,2525342 
1980,Missouri,4921966 
1980,Montana,788752 
1980,Nebraska,1572296 
1980,Nevada,810215 
1980,New Hampshire,924250 
1980,New Jersey,7376330 
1980,New Mexico,1309400 
1980,New York,17566754 
1980,North Carolina,5898980 
1980,North Dakota,654380 
1980,Ohio,10800650 
1980,Oklahoma,3040758 
1980,Oregon,2641218 
1980,Pennsylvania,11868305 
1980,Rhode Island,948773 
1980,South Carolina,3134502 
1980,South Dakota,690851 
1980,Tennessee,4600252 
1980,Texas,14338208 
1980,Utah,1472595 
1980,Vermont,512524 
1980,Virginia,5368334 
1980,Washington,4154678 
1980,West Virginia,1951349 
1980,Wisconsin,4712045 
1980,Wyoming,474185 
1981,Alabama,3918531 
1981,Alaska,418488 
1981,Arizona,2810127 
1981,Arkansas,2293195 
1981,California,24285937 
1981,Colorado,2977895 
1981,Connecticut,3128839 
1981,Delaware,595971 
1981,District of Columbia,636894 
1981,Florida,10192778 
1981,Georgia,5568343 
1981,Hawaii,978174 
1981,Idaho,962203 
1981,Illinois,11443461 
1981,Indiana,5480425 
1981,Iowa,2907975 
1981,Kansas,2384859 
1981,Kentucky,3670385 
1981,Louisiana,4283298 
1981,Maine,1133021 
1981,Maryland,4261908 
1981,Massachusetts,5768683 
1981,Michigan,9209284 
1981,Minnesota,4111674 
1981,Mississippi,2539051 
1981,Missouri,4932079 
1981,Montana,795317 
1981,Nebraska,1578528 
1981,Nevada,847639 
1981,New Hampshire,936644 
1981,New Jersey,7407475 
1981,New Mexico,1332709 
1981,New York,17567729 
1981,North Carolina,5956661 
1981,North Dakota,659524 
1981,Ohio,10788324 
1981,Oklahoma,3096157 
1981,Oregon,2667984 
1981,Pennsylvania,11858571 
1981,Rhode Island,953007 
1981,South Carolina,3179235 
1981,South Dakota,689569 
1981,Tennessee,4627667 
1981,Texas,14746313 
1981,Utah,1515469 
1981,Vermont,515605 
1981,Virginia,5444106 
1981,Washington,4235731 
1981,West Virginia,1954115 
1981,Wisconsin,4726336 
1981,Wyoming,491715 
1982,Alabama,3925229 
1982,Alaska,449611 
1982,Arizona,2889865 
1982,Arkansas,2294262 
1982,California,24820007 
1982,Colorado,3061569 
1982,Connecticut,3139012 
1982,Delaware,599136 
1982,District of Columbia,634171 
1982,Florida,10471407 
1982,Georgia,5649793 
1982,Hawaii,993802 
1982,Idaho,973729 
1982,Illinois,11423414 
1982,Indiana,5467927 
1982,Iowa,2888190 
1982,Kansas,2401211 
1982,Kentucky,3683437 
1982,Louisiana,4352610 
1982,Maine,1136684 
1982,Maryland,4282917 
1982,Massachusetts,5771226 
1982,Michigan,9115202 
1982,Minnesota,4131444 
1982,Mississippi,2556768 
1982,Missouri,4929442 
1982,Montana,803990 
1982,Nebraska,1581786 
1982,Nevada,881545 
1982,New Hampshire,947717 
1982,New Jersey,7430968 
1982,New Mexico,1363794 
1982,New York,17589746 
1982,North Carolina,6019141 
1982,North Dakota,668969 
1982,Ohio,10757088 
1982,Oklahoma,3206124 
1982,Oregon,2664922 
1982,Pennsylvania,11845148 
1982,Rhode Island,954176 
1982,South Carolina,3207618 
1982,South Dakota,690615 
1982,Tennessee,4646043 
1982,Texas,15331410 
1982,Utah,1558316 
1982,Vermont,519107 
1982,Virginia,5492773 
1982,Washington,4276545 
1982,West Virginia,1949606 
1982,Wisconsin,4728876 
1982,Wyoming,506408 
1983,Alabama,3934103 
1983,Alaska,488417 
1983,Arizona,2968928 
1983,Arkansas,2305754 
1983,California,25360023 
1983,Colorado,3133628 
1983,Connecticut,3162343 
1983,Delaware,605415 
1983,District of Columbia,632439 
1983,Florida,10749845 
1983,Georgia,5728254 
1983,Hawaii,1012717 
1983,Idaho,981858 
1983,Illinois,11408823 
1983,Indiana,5450402 
1983,Iowa,2870550 
1983,Kansas,2415537 
1983,Kentucky,3694480 
1983,Louisiana,4395316 
1983,Maine,1144769 
1983,Maryland,4313319 
1983,Massachusetts,5799403 
1983,Michigan,9047753 
1983,Minnesota,4141438 
1983,Mississippi,2567730 
1983,Missouri,4943727 
1983,Montana,814028 
1983,Nebraska,1584301 
1983,Nevada,901974 
1983,New Hampshire,958125 
1983,New Jersey,7467789 
1983,New Mexico,1394352 
1983,New York,17686905 
1983,North Carolina,6077066 
1983,North Dakota,676685 
1983,Ohio,10737635 
1983,Oklahoma,3290404 
1983,Oregon,2653058 
1983,Pennsylvania,11837728 
1983,Rhode Island,956376 
1983,South Carolina,3234074 
1983,South Dakota,692985 
1983,Tennessee,4659755 
1983,Texas,15751678 
1983,Utah,1594939 
1983,Vermont,523308 
1983,Virginia,5564658 
1983,Washington,4300270 
1983,West Virginia,1945065 
1983,Wisconsin,4721445 
1983,Wyoming,510329 
1984,Alabama,3951826 
1984,Alaska,513703 
1984,Arizona,3067142 
1984,Arkansas,2319774 
1984,California,25844389 
1984,Colorado,3169987 
1984,Connecticut,3180023 
1984,Delaware,611517 
1984,District of Columbia,633382 
1984,Florida,11039921 
1984,Georgia,5834957 
1984,Hawaii,1027935 
1984,Idaho,990841 
1984,Illinois,11412138 
1984,Indiana,5458328 
1984,Iowa,2858624 
1984,Kansas,2424076 
1984,Kentucky,3695451 
1984,Louisiana,4400474 
1984,Maine,1155630 
1984,Maryland,4365238 
1984,Massachusetts,5840772 
1984,Michigan,9049446 
1984,Minnesota,4157698 
1984,Mississippi,2578058 
1984,Missouri,4975283 
1984,Montana,820893 
1984,Nebraska,1588629 
1984,Nevada,924905 
1984,New Hampshire,976864 
1984,New Jersey,7515478 
1984,New Mexico,1416665 
1984,New York,17745690 
1984,North Carolina,6164014 
1984,North Dakota,680498 
1984,Ohio,10737746 
1984,Oklahoma,3285528 
1984,Oregon,2666592 
1984,Pennsylvania,11815171 
1984,Rhode Island,961901 
1984,South Carolina,3271861 
1984,South Dakota,697239 
1984,Tennessee,4686740 
1984,Texas,16007077 
1984,Utah,1622341 
1984,Vermont,526658 
1984,Virginia,5643860 
1984,Washington,4343650 
1984,West Virginia,1927701 
1984,Wisconsin,4735576 
1984,Wyoming,504893 
1985,Alabama,3972520 
1985,Alaska,532492 
1985,Arizona,3183535 
1985,Arkansas,2327044 
1985,California,26441112 
1985,Colorado,3208717 
1985,Connecticut,3201128 
1985,Delaware,618284 
1985,District of Columbia,634543 
1985,Florida,11351122 
1985,Georgia,5962668 
1985,Hawaii,1039683 
1985,Idaho,994046 
1985,Illinois,11399804 
1985,Indiana,5459216 
1985,Iowa,2829685 
1985,Kansas,2427412 
1985,Kentucky,3694827 
1985,Louisiana,4408121 
1985,Maine,1162935 
1985,Maryland,4413075 
1985,Massachusetts,5880743 
1985,Michigan,9076297 
1985,Minnesota,4184286 
1985,Mississippi,2588097 
1985,Missouri,5000254 
1985,Montana,822305 
1985,Nebraska,1584662 
1985,Nevada,951024 
1985,New Hampshire,996757 
1985,New Jersey,7565519 
1985,New Mexico,1438371 
1985,New York,17791670 
1985,North Carolina,6253989 
1985,North Dakota,676991 
1985,Ohio,10734920 
1985,Oklahoma,3271332 
1985,Oregon,2672648 
1985,Pennsylvania,11770855 
1985,Rhode Island,968950 
1985,South Carolina,3303208 
1985,South Dakota,698400 
1985,Tennessee,4715287 
1985,Texas,16272735 
1985,Utah,1642907 
1985,Vermont,530029 
1985,Virginia,5715156 
1985,Washington,4400098 
1985,West Virginia,1906828 
1985,Wisconsin,4747753 
1985,Wyoming,499692 
1986,Alabama,3991562 
1986,Alaska,544269 
1986,Arizona,3308262 
1986,Arkansas,2331990 
1986,California,27102241 
1986,Colorado,3237447 
1986,Connecticut,3223737 
1986,Delaware,627557 
1986,District of Columbia,638278 
1986,Florida,11667504 
1986,Georgia,6084660 
1986,Hawaii,1051759 
1986,Idaho,990226 
1986,Illinois,11387258 
1986,Indiana,5454114 
1986,Iowa,2791966 
1986,Kansas,2432616 
1986,Kentucky,3687813 
1986,Louisiana,4406918 
1986,Maine,1170121 
1986,Maryland,4486957 
1986,Massachusetts,5902682 
1986,Michigan,9127776 
1986,Minnesota,4205208 
1986,Mississippi,2593596 
1986,Missouri,5023068 
1986,Montana,813748 
1986,Nebraska,1574336 
1986,Nevada,980653 
1986,New Hampshire,1025055 
1986,New Jersey,7622150 
1986,New Mexico,1462727 
1986,New York,17833419 
1986,North Carolina,6321582 
1986,North Dakota,669489 
1986,Ohio,10730268 
1986,Oklahoma,3252731 
1986,Oregon,2683531 
1986,Pennsylvania,11782745 
1986,Rhode Island,977343 
1986,South Carolina,3342769 
1986,South Dakota,695980 
1986,Tennessee,4738713 
1986,Texas,16561112 
1986,Utah,1662838 
1986,Vermont,534055 
1986,Virginia,5811691 
1986,Washington,4452722 
1986,West Virginia,1882350 
1986,Wisconsin,4755625 
1986,Wyoming,495624 
1987,Alabama,4015257 
1987,Alaska,539310 
1987,Arizona,3437102 
1987,Arkansas,2342359 
1987,California,27777153 
1987,Colorado,3260478 
1987,Connecticut,3247291 
1987,Delaware,636957 
1987,District of Columbia,636934 
1987,Florida,11997290 
1987,Georgia,6208470 
1987,Hawaii,1067911 
1987,Idaho,985004 
1987,Illinois,11391176 
1987,Indiana,5473009 
1987,Iowa,2767005 
1987,Kansas,2445387 
1987,Kentucky,3683325 
1987,Louisiana,4344129 
1987,Maine,1184570 
1987,Maryland,4565578 
1987,Massachusetts,5935209 
1987,Michigan,9187485 
1987,Minnesota,4235140 
1987,Mississippi,2588539 
1987,Missouri,5056695 
1987,Montana,805064 
1987,Nebraska,1566558 
1987,Nevada,1023418 
1987,New Hampshire,1054283 
1987,New Jersey,7670743 
1987,New Mexico,1478519 
1987,New York,17868849 
1987,North Carolina,6403696 
1987,North Dakota,661167 
1987,Ohio,10760081 
1987,Oklahoma,3210117 
1987,Oregon,2700999 
1987,Pennsylvania,11810864 
1987,Rhode Island,989603 
1987,South Carolina,3380506 
1987,South Dakota,696042 
1987,Tennessee,4782930 
1987,Texas,16621799 
1987,Utah,1678115 
1987,Vermont,540273 
1987,Virginia,5932267 
1987,Washington,4531891 
1987,West Virginia,1857579 
1987,Wisconsin,4777930 
1987,Wyoming,476967 
1988,Alabama,4023848 
1988,Alaska,541982 
1988,Arizona,3535179 
1988,Arkansas,2342638 
1988,California,28464253 
1988,Colorado,3262281 
1988,Connecticut,3271958 
1988,Delaware,647585 
1988,District of Columbia,630430 
1988,Florida,12306396 
1988,Georgia,6316153 
1988,Hawaii,1079823 
1988,Idaho,985669 
1988,Illinois,11390176 
1988,Indiana,5491734 
1988,Iowa,2768392 
1988,Kansas,2461987 
1988,Kentucky,3680003 
1988,Louisiana,4288835 
1988,Maine,1203830 
1988,Maryland,4657908 
1988,Massachusetts,5979981 
1988,Michigan,9218000 
1988,Minnesota,4296162 
1988,Mississippi,2580353 
1988,Missouri,5081730 
1988,Montana,800194 
1988,Nebraska,1571464 
1988,Nevada,1075027 
1988,New Hampshire,1082576 
1988,New Jersey,7712334 
1988,New Mexico,1490329 
1988,New York,17941310 
1988,North Carolina,6480598 
1988,North Dakota,655273 
1988,Ohio,10798562 
1988,Oklahoma,3167058 
1988,Oregon,2741307 
1988,Pennsylvania,11845753 
1988,Rhode Island,996417 
1988,South Carolina,3412091 
1988,South Dakota,698148 
1988,Tennessee,4822437 
1988,Texas,16667025 
1988,Utah,1689366 
1988,Vermont,549766 
1988,Virginia,6036911 
1988,Washington,4639893 
1988,West Virginia,1830211 
1988,Wisconsin,4822402 
1988,Wyoming,465098 
1989,Alabama,4030224 
1989,Alaska,547153 
1989,Arizona,3622176 
1989,Arkansas,2346387 
1989,California,29218161 
1989,Colorado,3275821 
1989,Connecticut,3283409 
1989,Delaware,658233 
1989,District of Columbia,624165 
1989,Florida,12637709 
1989,Georgia,6411085 
1989,Hawaii,1094584 
1989,Idaho,994426 
1989,Illinois,11409785 
1989,Indiana,5523684 
1989,Iowa,2770585 
1989,Kansas,2472847 
1989,Kentucky,3677312 
1989,Louisiana,4252906 
1989,Maine,1219944 
1989,Maryland,4727298 
1989,Massachusetts,6015479 
1989,Michigan,9253290 
1989,Minnesota,4338045 
1989,Mississippi,2574273 
1989,Missouri,5095819 
1989,Montana,799642 
1989,Nebraska,1574881 
1989,Nevada,1137369 
1989,New Hampshire,1104523 
1989,New Jersey,7726086 
1989,New Mexico,1503892 
1989,New York,17983088 
1989,North Carolina,6565467 
1989,North Dakota,646341 
1989,Ohio,10829211 
1989,Oklahoma,3150299 
1989,Oregon,2790568 
1989,Pennsylvania,11866008 
1989,Rhode Island,1000665 
1989,South Carolina,3456770 
1989,South Dakota,696691 
1989,Tennessee,4854461 
1989,Texas,16806734 
1989,Utah,1705867 
1989,Vermont,557699 
1989,Virginia,6120232 
1989,Washington,4746321 
1989,West Virginia,1806552 
1989,Wisconsin,4856575 
1989,Wyoming,458377 
1990,Alabama,"4,050,055" 
1990,Alaska,"553,290" 
1990,Arizona,"3,684,097" 
1990,Arkansas,"2,356,586" 
1990,California,"29,959,515" 
1990,Colorado,"3,307,618" 
1990,Connecticut,"3,291,967" 
1990,Delaware,"669,567" 
1990,District of Columbia,"605,321" 
1990,Florida,"13,033,307" 
1990,Georgia,"6,512,602" 
1990,Hawaii,"1,113,491" 
1990,Idaho,"1,012,384" 
1990,Illinois,"11,453,316" 
1990,Indiana,"5,557,798" 
1990,Iowa,"2,781,018" 
1990,Kansas,"2,481,349" 
1990,Kentucky,"3,694,048" 
1990,Louisiana,"4,221,532" 
1990,Maine,"1,231,719" 
1990,Maryland,"4,799,770" 
1990,Massachusetts,"6,022,639" 
1990,Michigan,"9,311,319" 
1990,Minnesota,"4,389,857" 
1990,Mississippi,"2,578,897" 
1990,Missouri,"5,128,880" 
1990,Montana,"800,204" 
1990,Nebraska,"1,581,660" 
1990,Nevada,"1,220,695" 
1990,New Hampshire,"1,112,384" 
1990,New Jersey,"7,762,963" 
1990,New Mexico,"1,521,574" 
1990,New York,"18,020,784" 
1990,North Carolina,"6,664,016" 
1990,North Dakota,"637,685" 
1990,Ohio,"10,864,162" 
1990,Oklahoma,"3,148,825" 
1990,Oregon,"2,860,375" 
1990,Pennsylvania,"11,903,299" 
1990,Rhode,"1,005,995" 
1990,South Carolina,"3,501,155" 
1990,South Dakota,"697,101" 
1990,Tennessee,"4,894,492" 
1990,Texas,"17,056,755" 
1990,Utah,"1,731,223" 
1990,Vermont,"564,798" 
1990,Virginia,"6,216,884" 
1990,Washington,"4,903,043" 
1990,West Virginia,"1,792,548" 
1990,Wisconsin,"4,904,562" 
1990,Wyoming,"453,690" 
1991,Alabama,"4,099,156" 
1991,Alaska,"570,193" 
1991,Arizona,"3,788,576" 
1991,Arkansas,"2,383,144" 
1991,California,"30,470,736" 
1991,Colorado,"3,387,119" 
1991,Connecticut,"3,302,895" 
1991,Delaware,"683,080" 
1991,District of Columbia,"600,870" 
1991,Florida,"13,369,798" 
1991,Georgia,"6,653,005" 
1991,Hawaii,"1,136,754" 
1991,Idaho,"1,041,316" 
1991,Illinois,"11,568,964" 
1991,Indiana,"5,616,388" 
1991,Iowa,"2,797,613" 
1991,Kansas,"2,498,722" 
1991,Kentucky,"3,722,328" 
1991,Louisiana,"4,253,279" 
1991,Maine,"1,237,081" 
1991,Maryland,"4,867,641" 
1991,Massachusetts,"6,018,470" 
1991,Michigan,"9,400,446" 
1991,Minnesota,"4,440,859" 
1991,Mississippi,"2,598,733" 
1991,Missouri,"5,170,800" 
1991,Montana,"809,680" 
1991,Nebraska,"1,595,919" 
1991,Nevada,"1,296,171" 
1991,New Hampshire,"1,109,929" 
1991,New Jersey,"7,814,676" 
1991,New Mexico,"1,555,305" 
1991,New York,"18,122,510" 
1991,North Carolina,"6,784,280" 
1991,North Dakota,"635,753" 
1991,Ohio,"10,945,762" 
1991,Oklahoma,"3,175,440" 
1991,Oregon,"2,928,507" 
1991,Pennsylvania,"11,982,164" 
1991,Rhode,"1,010,649" 
1991,South Carolina,"3,570,404" 
1991,South Dakota,"703,669" 
1991,Tennessee,"4,966,587" 
1991,Texas,"17,398,005" 
1991,Utah,"1,779,780" 
1991,Vermont,"568,606" 
1991,Virginia,"6,301,217" 
1991,Washington,"5,025,624" 
1991,West Virginia,"1,798,735" 
1991,Wisconsin,"4,964,343" 
1991,Wyoming,"459,260" 
1992,Alabama,"4,154,014" 
1992,Alaska,"588,736" 
1992,Arizona,"3,915,740" 
1992,Arkansas,"2,415,984" 
1992,California,"30,974,659" 
1992,Colorado,"3,495,939" 
1992,Connecticut,"3,300,712" 
1992,Delaware,"694,925" 
1992,District of Columbia,"597,565" 
1992,Florida,"13,650,553" 
1992,Georgia,"6,817,203" 
1992,Hawaii,"1,158,613" 
1992,Idaho,"1,071,685" 
1992,Illinois,"11,694,184" 
1992,Indiana,"5,674,547" 
1992,Iowa,"2,818,401" 
1992,Kansas,"2,532,394" 
1992,Kentucky,"3,765,469" 
1992,Louisiana,"4,293,003" 
1992,Maine,"1,238,508" 
1992,Maryland,"4,923,368" 
1992,Massachusetts,"6,028,709" 
1992,Michigan,"9,479,065" 
1992,Minnesota,"4,495,572" 
1992,Mississippi,"2,623,734" 
1992,Missouri,"5,217,101" 
1992,Montana,"825,770" 
1992,Nebraska,"1,611,687" 
1992,Nevada,"1,351,367" 
1992,New Hampshire,"1,117,784" 
1992,New Jersey,"7,880,508" 
1992,New Mexico,"1,595,442" 
1992,New York,"18,246,653" 
1992,North Carolina,"6,897,214" 
1992,North Dakota,"638,223" 
1992,Ohio,"11,029,431" 
1992,Oklahoma,"3,220,517" 
1992,Oregon,"2,991,755" 
1992,Pennsylvania,"12,049,450" 
1992,Rhode,"1,012,581" 
1992,South Carolina,"3,620,464" 
1992,South Dakota,"712,801" 
1992,Tennessee,"5,049,742" 
1992,Texas,"17,759,738" 
1992,Utah,"1,836,799" 
1992,Vermont,"572,751" 
1992,Virginia,"6,414,307" 
1992,Washington,"5,160,757" 
1992,West Virginia,"1,806,451" 
1992,Wisconsin,"5,025,398" 
1992,Wyoming,"466,251" 
1993,Alabama,"4,214,202" 
1993,Alaska,"599,432" 
1993,Arizona,"4,065,440" 
1993,Arkansas,"2,456,303" 
1993,California,"31,274,928" 
1993,Colorado,"3,613,734" 
1993,Connecticut,"3,309,175" 
1993,Delaware,"706,378" 
1993,District of Columbia,"595,301" 
1993,Florida,"13,927,185" 
1993,Georgia,"6,978,240" 
1993,Hawaii,"1,172,838" 
1993,Idaho,"1,108,768" 
1993,Illinois,"11,809,579" 
1993,Indiana,"5,739,019" 
1993,Iowa,"2,836,972" 
1993,Kansas,"2,556,547" 
1993,Kentucky,"3,812,206" 
1993,Louisiana,"4,316,428" 
1993,Maine,"1,242,302" 
1993,Maryland,"4,971,889" 
1993,Massachusetts,"6,060,569" 
1993,Michigan,"9,540,114" 
1993,Minnesota,"4,555,954" 
1993,Mississippi,"2,655,100" 
1993,Missouri,"5,271,175" 
1993,Montana,"844,761" 
1993,Nebraska,"1,625,590" 
1993,Nevada,"1,411,215" 
1993,New Hampshire,"1,129,458" 
1993,New Jersey,"7,948,915" 
1993,New Mexico,"1,636,453" 
1993,New York,"18,374,954" 
1993,North Carolina,"7,042,818" 
1993,North Dakota,"641,216" 
1993,Ohio,"11,101,140" 
1993,Oklahoma,"3,252,285" 
1993,Oregon,"3,060,367" 
1993,Pennsylvania,"12,119,724" 
1993,Rhode,"1,015,112" 
1993,South Carolina,"3,663,314" 
1993,South Dakota,"722,159" 
1993,Tennessee,"5,137,584" 
1993,Texas,"18,161,612" 
1993,Utah,"1,898,404" 
1993,Vermont,"577,748" 
1993,Virginia,"6,509,630" 
1993,Washington,"5,278,842" 
1993,West Virginia,"1,817,539" 
1993,Wisconsin,"5,084,889" 
1993,Wyoming,"473,081" 
1994,Alabama,"4,260,229" 
1994,Alaska,"603,308" 
1994,Arizona,"4,245,089" 
1994,Arkansas,"2,494,019" 
1994,California,"31,484,435" 
1994,Colorado,"3,724,168" 
1994,Connecticut,"3,316,121" 
1994,Delaware,"717,545" 
1994,District of Columbia,"589,239" 
1994,Florida,"14,239,444" 
1994,Georgia,"7,157,165" 
1994,Hawaii,"1,187,536" 
1994,Idaho,"1,145,140" 
1994,Illinois,"11,912,585" 
1994,Indiana,"5,793,526" 
1994,Iowa,"2,850,746" 
1994,Kansas,"2,580,513" 
1994,Kentucky,"3,849,088" 
1994,Louisiana,"4,347,481" 
1994,Maine,"1,242,662" 
1994,Maryland,"5,023,060" 
1994,Massachusetts,"6,095,241" 
1994,Michigan,"9,597,737" 
1994,Minnesota,"4,610,355" 
1994,Mississippi,"2,688,992" 
1994,Missouri,"5,324,497" 
1994,Montana,"861,306" 
1994,Nebraska,"1,639,041" 
1994,Nevada,"1,499,298" 
1994,New Hampshire,"1,142,560" 
1994,New Jersey,"8,014,306" 
1994,New Mexico,"1,682,398" 
1994,New York,"18,459,470" 
1994,North Carolina,"7,187,398" 
1994,North Dakota,"644,804" 
1994,Ohio,"11,152,454" 
1994,Oklahoma,"3,280,940" 
1994,Oregon,"3,121,264" 
1994,Pennsylvania,"12,166,050" 
1994,Rhode,"1,015,960" 
1994,South Carolina,"3,705,397" 
1994,South Dakota,"730,790" 
1994,Tennessee,"5,231,438" 
1994,Texas,"18,564,062" 
1994,Utah,"1,960,446" 
1994,Vermont,"583,836" 
1994,Virginia,"6,593,139" 
1994,Washington,"5,375,161" 
1994,West Virginia,"1,820,421" 
1994,Wisconsin,"5,133,678" 
1994,Wyoming,"480,283" 
1995,Alabama,"4,296,800" 
1995,Alaska,"604,412" 
1995,Arizona,"4,432,499" 
1995,Arkansas,"2,535,399" 
1995,California,"31,696,582" 
1995,Colorado,"3,826,653" 
1995,Connecticut,"3,324,144" 
1995,Delaware,"729,734" 
1995,District of Columbia,"580,517" 
1995,Florida,"14,537,875" 
1995,Georgia,"7,328,413" 
1995,Hawaii,"1,196,854" 
1995,Idaho,"1,177,322" 
1995,Illinois,"12,008,437" 
1995,Indiana,"5,851,459" 
1995,Iowa,"2,867,373" 
1995,Kansas,"2,601,007" 
1995,Kentucky,"3,887,427" 
1995,Louisiana,"4,378,779" 
1995,Maine,"1,243,480" 
1995,Maryland,"5,070,033" 
1995,Massachusetts,"6,141,445" 
1995,Michigan,"9,676,211" 
1995,Minnesota,"4,660,180" 
1995,Mississippi,"2,722,659" 
1995,Missouri,"5,378,247" 
1995,Montana,"876,553" 
1995,Nebraska,"1,656,992" 
1995,Nevada,"1,581,578" 
1995,New Hampshire,"1,157,561" 
1995,New Jersey,"8,083,242" 
1995,New Mexico,"1,720,394" 
1995,New York,"18,524,104" 
1995,North Carolina,"7,344,674" 
1995,North Dakota,"647,832" 
1995,Ohio,"11,202,751" 
1995,Oklahoma,"3,308,208" 
1995,Oregon,"3,184,369" 
1995,Pennsylvania,"12,198,403" 
1995,Rhode,"1,017,002" 
1995,South Carolina,"3,748,582" 
1995,South Dakota,"737,925" 
1995,Tennessee,"5,326,936" 
1995,Texas,"18,958,751" 
1995,Utah,"2,014,177" 
1995,Vermont,"589,002" 
1995,Virginia,"6,670,693" 
1995,Washington,"5,481,027" 
1995,West Virginia,"1,823,700" 
1995,Wisconsin,"5,184,836" 
1995,Wyoming,"485,160" 
1996,Alabama,"4,331,102" 
1996,Alaska,"608,569" 
1996,Arizona,"4,586,940" 
1996,Arkansas,"2,572,109" 
1996,California,"32,018,834" 
1996,Colorado,"3,919,972" 
1996,Connecticut,"3,336,685" 
1996,Delaware,"740,977" 
1996,District of Columbia,"572,377" 
1996,Florida,"14,853,360" 
1996,Georgia,"7,501,069" 
1996,Hawaii,"1,203,755" 
1996,Idaho,"1,203,083" 
1996,Illinois,"12,101,997" 
1996,Indiana,"5,906,013" 
1996,Iowa,"2,880,000" 
1996,Kansas,"2,614,554" 
1996,Kentucky,"3,919,535" 
1996,Louisiana,"4,398,877" 
1996,Maine,"1,249,060" 
1996,Maryland,"5,111,986" 
1996,Massachusetts,"6,179,756" 
1996,Michigan,"9,758,645" 
1996,Minnesota,"4,712,827" 
1996,Mississippi,"2,748,085" 
1996,Missouri,"5,431,553" 
1996,Montana,"886,254" 
1996,Nebraska,"1,673,740" 
1996,Nevada,"1,666,320" 
1996,New Hampshire,"1,174,719" 
1996,New Jersey,"8,149,596" 
1996,New Mexico,"1,752,326" 
1996,New York,"18,588,460" 
1996,North Carolina,"7,500,670" 
1996,North Dakota,"650,382" 
1996,Ohio,"11,242,827" 
1996,Oklahoma,"3,340,129" 
1996,Oregon,"3,247,111" 
1996,Pennsylvania,"12,220,464" 
1996,Rhode,"1,020,893" 
1996,South Carolina,"3,796,200" 
1996,South Dakota,"742,213" 
1996,Tennessee,"5,416,643" 
1996,Texas,"19,340,342" 
1996,Utah,"2,067,976" 
1996,Vermont,"593,701" 
1996,Virginia,"6,750,884" 
1996,Washington,"5,569,753" 
1996,West Virginia,"1,822,808" 
1996,Wisconsin,"5,229,986" 
1996,Wyoming,"488,167" 
1997,Alabama,"4,367,935" 
1997,Alaska,"612,968" 
1997,Arizona,"4,736,990" 
1997,Arkansas,"2,601,090" 
1997,California,"32,486,010" 
1997,Colorado,"4,018,293" 
1997,Connecticut,"3,349,348" 
1997,Delaware,"751,487" 
1997,District of Columbia,"567,736" 
1997,Florida,"15,186,304" 
1997,Georgia,"7,685,099" 
1997,Hawaii,"1,211,640" 
1997,Idaho,"1,228,520" 
1997,Illinois,"12,185,715" 
1997,Indiana,"5,955,267" 
1997,Iowa,"2,891,119" 
1997,Kansas,"2,635,292" 
1997,Kentucky,"3,952,747" 
1997,Louisiana,"4,421,071" 
1997,Maine,"1,254,774" 
1997,Maryland,"5,157,328" 
1997,Massachusetts,"6,226,058" 
1997,Michigan,"9,809,051" 
1997,Minnesota,"4,763,390" 
1997,Mississippi,"2,777,004" 
1997,Missouri,"5,481,193" 
1997,Montana,"889,865" 
1997,Nebraska,"1,686,418" 
1997,Nevada,"1,764,104" 
1997,New Hampshire,"1,189,425" 
1997,New Jersey,"8,218,808" 
1997,New Mexico,"1,774,839" 
1997,New York,"18,656,546" 
1997,North Carolina,"7,656,825" 
1997,North Dakota,"649,716" 
1997,Ohio,"11,277,357" 
1997,Oklahoma,"3,372,917" 
1997,Oregon,"3,304,310" 
1997,Pennsylvania,"12,227,814" 
1997,Rhode,"1,025,353" 
1997,South Carolina,"3,859,696" 
1997,South Dakota,"744,223" 
1997,Tennessee,"5,499,233" 
1997,Texas,"19,740,317" 
1997,Utah,"2,119,784" 
1997,Vermont,"597,239" 
1997,Virginia,"6,829,183" 
1997,Washington,"5,674,747" 
1997,West Virginia,"1,819,113" 
1997,Wisconsin,"5,266,213" 
1997,Wyoming,"489,451" 
1998,Alabama,"4,404,701" 
1998,Alaska,"619,932" 
1998,Arizona,"4,883,342" 
1998,Arkansas,"2,626,289" 
1998,California,"32,987,675" 
1998,Colorado,"4,116,639" 
1998,Connecticut,"3,365,352" 
1998,Delaware,"763,335" 
1998,District of Columbia,"565,230" 
1998,Florida,"15,486,559" 
1998,Georgia,"7,863,536" 
1998,Hawaii,"1,215,233" 
1998,Idaho,"1,252,330" 
1998,Illinois,"12,271,847" 
1998,Indiana,"5,998,880" 
1998,Iowa,"2,902,872" 
1998,Kansas,"2,660,598" 
1998,Kentucky,"3,985,390" 
1998,Louisiana,"4,440,344" 
1998,Maine,"1,259,127" 
1998,Maryland,"5,204,464" 
1998,Massachusetts,"6,271,838" 
1998,Michigan,"9,847,942" 
1998,Minnesota,"4,813,412" 
1998,Mississippi,"2,804,834" 
1998,Missouri,"5,521,765" 
1998,Montana,"892,431" 
1998,Nebraska,"1,695,816" 
1998,Nevada,"1,853,191" 
1998,New Hampshire,"1,205,940" 
1998,New Jersey,"8,287,418" 
1998,New Mexico,"1,793,484" 
1998,New York,"18,755,906" 
1998,North Carolina,"7,809,121" 
1998,North Dakota,"647,532" 
1998,Ohio,"11,311,536" 
1998,Oklahoma,"3,405,194" 
1998,Oregon,"3,352,449" 
1998,Pennsylvania,"12,245,672" 
1998,Rhode,"1,031,155" 
1998,South Carolina,"3,919,235" 
1998,South Dakota,"746,058" 
1998,Tennessee,"5,570,045" 
1998,Texas,"20,157,531" 
1998,Utah,"2,165,960" 
1998,Vermont,"600,416" 
1998,Virginia,"6,900,918" 
1998,Washington,"5,769,562" 
1998,West Virginia,"1,815,609" 
1998,Wisconsin,"5,297,672" 
1998,Wyoming,"490,787" 
1999,Alabama,"4,430,141" 
1999,Alaska,"624,779" 
1999,Arizona,"5,023,823" 
1999,Arkansas,"2,651,860" 
1999,California,"33,499,204" 
1999,Colorado,"4,226,018" 
1999,Connecticut,"3,386,401" 
1999,Delaware,"774,990" 
1999,District of Columbia,"570,213" 
1999,Florida,"15,759,421" 
1999,Georgia,"8,045,965" 
1999,Hawaii,"1,210,300" 
1999,Idaho,"1,275,674" 
1999,Illinois,"12,359,020" 
1999,Indiana,"6,044,969" 
1999,Iowa,"2,917,634" 
1999,Kansas,"2,678,338" 
1999,Kentucky,"4,018,053" 
1999,Louisiana,"4,460,811" 
1999,Maine,"1,266,808" 
1999,Maryland,"5,254,509" 
1999,Massachusetts,"6,317,345" 
1999,Michigan,"9,897,116" 
1999,Minnesota,"4,873,481" 
1999,Mississippi,"2,828,408" 
1999,Missouri,"5,561,948" 
1999,Montana,"897,507" 
1999,Nebraska,"1,704,764" 
1999,Nevada,"1,934,718" 
1999,New Hampshire,"1,222,014" 
1999,New Jersey,"8,359,592" 
1999,New Mexico,"1,808,082" 
1999,New York,"18,882,725" 
1999,North Carolina,"7,949,361" 
1999,North Dakota,"644,259" 
1999,Ohio,"11,335,454" 
1999,Oklahoma,"3,437,147" 
1999,Oregon,"3,393,941" 
1999,Pennsylvania,"12,263,805" 
1999,Rhode,"1,040,402" 
1999,South Carolina,"3,974,682" 
1999,South Dakota,"750,412" 
1999,Tennessee,"5,638,706" 
1999,Texas,"20,558,220" 
1999,Utah,"2,203,482" 
1999,Vermont,"604,683" 
1999,Virginia,"7,000,174" 
1999,Washington,"5,842,564" 
1999,West Virginia,"1,811,799" 
1999,Wisconsin,"5,332,666" 
1999,Wyoming,"491,780" 
2000,Alabama,"4,452,173" 
2000,Alaska,"627,963" 
2000,Arizona,"5,160,586" 
2000,Arkansas,"2,678,588" 
2000,California,"33,987,977" 
2000,Colorado,"4,326,921" 
2000,Connecticut,"3,411,777" 
2000,Delaware,"786,373" 
2000,District of Columbia,"572,046" 
2000,Florida,"16,047,515" 
2000,Georgia,"8,227,303" 
2000,Hawaii,"1,213,519" 
2000,Idaho,"1,299,430" 
2000,Illinois,"12,434,161" 
2000,Indiana,"6,091,866" 
2000,Iowa,"2,929,067" 
2000,Kansas,"2,693,681" 
2000,Kentucky,"4,049,021" 
2000,Louisiana,"4,471,885" 
2000,Maine,"1,277,072" 
2000,Maryland,"5,311,034" 
2000,Massachusetts,"6,361,104" 
2000,Michigan,"9,952,450" 
2000,Minnesota,"4,933,692" 
2000,Mississippi,"2,848,353" 
2000,Missouri,"5,607,285" 
2000,Montana,"903,773" 
2000,Nebraska,"1,713,820" 
2000,Nevada,"2,018,741" 
2000,New Hampshire,"1,239,882" 
2000,New Jersey,"8,430,621" 
2000,New Mexico,"1,821,204" 
2000,New York,"19,001,780" 
2000,North Carolina,"8,081,614" 
2000,North Dakota,"642,023" 
2000,Ohio,"11,363,543" 
2000,Oklahoma,"3,454,365" 
2000,Oregon,"3,429,708" 
2000,Pennsylvania,"12,284,173" 
2000,Rhode Island,"1,050,268" 
2000,South Carolina,"4,024,223" 
2000,South Dakota,"755,844" 
2000,Tennessee,"5,703,719" 
2000,Texas,"20,944,499" 
2000,Utah,"2,244,502" 
2000,Vermont,"609,618" 
2000,Virginia,"7,105,817" 
2000,Washington,"5,910,512" 
2000,West Virginia,"1,807,021" 
2000,Wisconsin,"5,373,999" 
2000,Wyoming,"494,300" 
2001,Alabama,"4,467,634" 
2001,Alaska,"633,714" 
2001,Arizona,"5,273,477" 
2001,Arkansas,"2,691,571" 
2001,California,"34,479,458" 
2001,Colorado,"4,425,687" 
2001,Connecticut,"3,432,835" 
2001,Delaware,"795,699" 
2001,District of Columbia,"574,504" 
2001,Florida,"16,356,966" 
2001,Georgia,"8,377,038" 
2001,Hawaii,"1,225,948" 
2001,Idaho,"1,319,962" 
2001,Illinois,"12,488,445" 
2001,Indiana,"6,127,760" 
2001,Iowa,"2,931,997" 
2001,Kansas,"2,702,162" 
2001,Kentucky,"4,068,132" 
2001,Louisiana,"4,477,875" 
2001,Maine,"1,285,692" 
2001,Maryland,"5,374,691" 
2001,Massachusetts,"6,397,634" 
2001,Michigan,"9,991,120" 
2001,Minnesota,"4,982,796" 
2001,Mississippi,"2,852,994" 
2001,Missouri,"5,641,142" 
2001,Montana,"906,961" 
2001,Nebraska,"1,719,836" 
2001,Nevada,"2,098,399" 
2001,New Hampshire,"1,255,517" 
2001,New Jersey,"8,492,671" 
2001,New Mexico,"1,831,690" 
2001,New York,"19,082,838" 
2001,North Carolina,"8,210,122" 
2001,North Dakota,"639,062" 
2001,Ohio,"11,387,404" 
2001,Oklahoma,"3,467,100" 
2001,Oregon,"3,467,937" 
2001,Pennsylvania,"12,298,970" 
2001,Rhode Island,"1,057,142" 
2001,South Carolina,"4,064,995" 
2001,South Dakota,"757,972" 
2001,Tennessee,"5,750,789" 
2001,Texas,"21,319,622" 
2001,Utah,"2,283,715" 
2001,Vermont,"612,223" 
2001,Virginia,"7,198,362" 
2001,Washington,"5,985,722" 
2001,West Virginia,"1,801,481" 
2001,Wisconsin,"5,406,835" 
2001,Wyoming,"494,657" 
2002,Alabama,"4,480,089" 
2002,Alaska,"642,337" 
2002,Arizona,"5,396,255" 
2002,Arkansas,"2,705,927" 
2002,California,"34,871,843" 
2002,Colorado,"4,490,406" 
2002,Connecticut,"3,458,749" 
2002,Delaware,"806,169" 
2002,District of Columbia,"573,158" 
2002,Florida,"16,689,370" 
2002,Georgia,"8,508,256" 
2002,Hawaii,"1,239,613" 
2002,Idaho,"1,340,372" 
2002,Illinois,"12,525,556" 
2002,Indiana,"6,155,967" 
2002,Iowa,"2,934,234" 
2002,Kansas,"2,713,535" 
2002,Kentucky,"4,089,875" 
2002,Louisiana,"4,497,267" 
2002,Maine,"1,295,960" 
2002,Maryland,"5,440,389" 
2002,Massachusetts,"6,417,206" 
2002,Michigan,"10,015,710" 
2002,Minnesota,"5,018,935" 
2002,Mississippi,"2,858,681" 
2002,Missouri,"5,674,825" 
2002,Montana,"911,667" 
2002,Nebraska,"1,728,292" 
2002,Nevada,"2,173,791" 
2002,New Hampshire,"1,269,089" 
2002,New Jersey,"8,552,643" 
2002,New Mexico,"1,855,309" 
2002,New York,"19,137,800" 
2002,North Carolina,"8,326,201" 
2002,North Dakota,"638,168" 
2002,Ohio,"11,407,889" 
2002,Oklahoma,"3,489,080" 
2002,Oregon,"3,513,424" 
2002,Pennsylvania,"12,331,031" 
2002,Rhode Island,"1,065,995" 
2002,South Carolina,"4,107,795" 
2002,South Dakota,"760,020" 
2002,Tennessee,"5,795,918" 
2002,Texas,"21,690,325" 
2002,Utah,"2,324,815" 
2002,Vermont,"615,442" 
2002,Virginia,"7,286,873" 
2002,Washington,"6,052,349" 
2002,West Virginia,"1,805,414" 
2002,Wisconsin,"5,445,162" 
2002,Wyoming,"500,017" 
2003,Alabama,"4,503,491" 
2003,Alaska,"648,414" 
2003,Arizona,"5,510,364" 
2003,Arkansas,"2,724,816" 
2003,California,"35,253,159" 
2003,Colorado,"4,528,732" 
2003,Connecticut,"3,484,336" 
2003,Delaware,"818,003" 
2003,District of Columbia,"568,502" 
2003,Florida,"17,004,085" 
2003,Georgia,"8,622,793" 
2003,Hawaii,"1,251,154" 
2003,Idaho,"1,363,380" 
2003,Illinois,"12,556,006" 
2003,Indiana,"6,196,638" 
2003,Iowa,"2,941,999" 
2003,Kansas,"2,723,004" 
2003,Kentucky,"4,117,170" 
2003,Louisiana,"4,521,042" 
2003,Maine,"1,306,513" 
2003,Maryland,"5,496,269" 
2003,Massachusetts,"6,422,565" 
2003,Michigan,"10,041,152" 
2003,Minnesota,"5,053,572" 
2003,Mississippi,"2,868,312" 
2003,Missouri,"5,709,403" 
2003,Montana,"919,630" 
2003,Nebraska,"1,738,643" 
2003,Nevada,"2,248,850" 
2003,New Hampshire,"1,279,840" 
2003,New Jersey,"8,601,402" 
2003,New Mexico,"1,877,574" 
2003,New York,"19,175,939" 
2003,North Carolina,"8,422,501" 
2003,North Dakota,"638,817" 
2003,Ohio,"11,434,788" 
2003,Oklahoma,"3,504,892" 
2003,Oregon,"3,547,376" 
2003,Pennsylvania,"12,374,658" 
2003,Rhode Island,"1,071,342" 
2003,South Carolina,"4,150,297" 
2003,South Dakota,"763,729" 
2003,Tennessee,"5,847,812" 
2003,Texas,"22,030,931" 
2003,Utah,"2,360,137" 
2003,Vermont,"617,858" 
2003,Virginia,"7,366,977" 
2003,Washington,"6,104,115" 
2003,West Virginia,"1,812,295" 
2003,Wisconsin,"5,479,203" 
2003,Wyoming,"503,453" 
2004,Alabama,"4,530,729" 
2004,Alaska,"659,286" 
2004,Arizona,"5,652,404" 
2004,Arkansas,"2,749,686" 
2004,California,"35,574,576" 
2004,Colorado,"4,575,013" 
2004,Connecticut,"3,496,094" 
2004,Delaware,"830,803" 
2004,District of Columbia,"567,754" 
2004,Florida,"17,415,318" 
2004,Georgia,"8,769,252" 
2004,Hawaii,"1,273,569" 
2004,Idaho,"1,391,802" 
2004,Illinois,"12,589,773" 
2004,Indiana,"6,233,007" 
2004,Iowa,"2,953,635" 
2004,Kansas,"2,734,373" 
2004,Kentucky,"4,146,101" 
2004,Louisiana,"4,552,238" 
2004,Maine,"1,313,688" 
2004,Maryland,"5,546,935" 
2004,Massachusetts,"6,412,281" 
2004,Michigan,"10,055,315" 
2004,Minnesota,"5,087,713" 
2004,Mississippi,"2,889,010" 
2004,Missouri,"5,747,741" 
2004,Montana,"930,009" 
2004,Nebraska,"1,749,370" 
2004,Nevada,"2,346,222" 
2004,New Hampshire,"1,290,121" 
2004,New Jersey,"8,634,561" 
2004,New Mexico,"1,903,808" 
2004,New York,"19,171,567" 
2004,North Carolina,"8,553,152" 
2004,North Dakota,"644,705" 
2004,Ohio,"11,452,251" 
2004,Oklahoma,"3,525,233" 
2004,Oregon,"3,569,463" 
2004,Pennsylvania,"12,410,722" 
2004,Rhode Island,"1,074,579" 
2004,South Carolina,"4,210,921" 
2004,South Dakota,"770,396" 
2004,Tennessee,"5,910,809" 
2004,Texas,"22,394,023" 
2004,Utah,"2,401,580" 
2004,Vermont,"619,920" 
2004,Virginia,"7,475,575" 
2004,Washington,"6,178,645" 
2004,West Virginia,"1,816,438" 
2004,Wisconsin,"5,514,026" 
2004,Wyoming,"509,106" 
2005,Alabama,"4,569,805" 
2005,Alaska,"666,946" 
2005,Arizona,"5,839,077" 
2005,Arkansas,"2,781,097" 
2005,California,"35,827,943" 
2005,Colorado,"4,631,888" 
2005,Connecticut,"3,506,956" 
2005,Delaware,"845,150" 
2005,District of Columbia,"567,136" 
2005,Florida,"17,842,038" 
2005,Georgia,"8,925,922" 
2005,Hawaii,"1,292,729" 
2005,Idaho,"1,428,241" 
2005,Illinois,"12,609,903" 
2005,Indiana,"6,278,616" 
2005,Iowa,"2,964,454" 
2005,Kansas,"2,745,299" 
2005,Kentucky,"4,182,742" 
2005,Louisiana,"4,576,628" 
2005,Maine,"1,318,787" 
2005,Maryland,"5,592,379" 
2005,Massachusetts,"6,403,290" 
2005,Michigan,"10,051,137" 
2005,Minnesota,"5,119,598" 
2005,Mississippi,"2,905,943" 
2005,Missouri,"5,790,300" 
2005,Montana,"940,102" 
2005,Nebraska,"1,761,497" 
2005,Nevada,"2,432,143" 
2005,New Hampshire,"1,298,492" 
2005,New Jersey,"8,651,974" 
2005,New Mexico,"1,932,274" 
2005,New York,"19,132,610" 
2005,North Carolina,"8,705,407" 
2005,North Dakota,"646,089" 
2005,Ohio,"11,463,320" 
2005,Oklahoma,"3,548,597" 
2005,Oregon,"3,613,202" 
2005,Pennsylvania,"12,449,990" 
2005,Rhode Island,"1,067,916" 
2005,South Carolina,"4,270,150" 
2005,South Dakota,"775,493" 
2005,Tennessee,"5,991,057" 
2005,Texas,"22,778,123" 
2005,Utah,"2,457,719" 
2005,Vermont,"621,215" 
2005,Virginia,"7,577,105" 
2005,Washington,"6,257,305" 
2005,West Virginia,"1,820,492" 
2005,Wisconsin,"5,546,166" 
2005,Wyoming,"514,157" 
2006,Alabama,"4,628,981" 
2006,Alaska,"675,302" 
2006,Arizona,"6,029,141" 
2006,Arkansas,"2,821,761" 
2006,California,"36,021,202" 
2006,Colorado,"4,720,423" 
2006,Connecticut,"3,517,460" 
2006,Delaware,"859,268" 
2006,District of Columbia,"570,681" 
2006,Florida,"18,166,990" 
2006,Georgia,"9,155,813" 
2006,Hawaii,"1,309,731" 
2006,Idaho,"1,468,669" 
2006,Illinois,"12,643,955" 
2006,Indiana,"6,332,669" 
2006,Iowa,"2,982,644" 
2006,Kansas,"2,762,931" 
2006,Kentucky,"4,219,239" 
2006,Louisiana,"4,302,665" 
2006,Maine,"1,323,619" 
2006,Maryland,"5,627,367" 
2006,Massachusetts,"6,410,084" 
2006,Michigan,"10,036,081" 
2006,Minnesota,"5,163,555" 
2006,Mississippi,"2,904,978" 
2006,Missouri,"5,842,704" 
2006,Montana,"952,692" 
2006,Nebraska,"1,772,693" 
2006,Nevada,"2,522,658" 
2006,New Hampshire,"1,308,389" 
2006,New Jersey,"8,661,679" 
2006,New Mexico,"1,962,137" 
2006,New York,"19,104,631" 
2006,North Carolina,"8,917,270" 
2006,North Dakota,"649,422" 
2006,Ohio,"11,481,213" 
2006,Oklahoma,"3,594,090" 
2006,Oregon,"3,670,883" 
2006,Pennsylvania,"12,510,809" 
2006,Rhode Island,"1,063,096" 
2006,South Carolina,"4,357,847" 
2006,South Dakota,"783,033" 
2006,Tennessee,"6,088,766" 
2006,Texas,"23,359,580" 
2006,Utah,"2,525,507" 
2006,Vermont,"622,892" 
2006,Virginia,"7,673,725" 
2006,Washington,"6,370,753" 
2006,West Virginia,"1,827,912" 
2006,Wisconsin,"5,577,655" 
2006,Wyoming,"522,667" 
2007,Alabama,"4,672,840" 
2007,Alaska,"680,300" 
2007,Arizona,"6,167,681" 
2007,Arkansas,"2,848,650" 
2007,California,"36,250,311" 
2007,Colorado,"4,803,868" 
2007,Connecticut,"3,527,270" 
2007,Delaware,"871,749" 
2007,District of Columbia,"574,404" 
2007,Florida,"18,367,842" 
2007,Georgia,"9,349,988" 
2007,Hawaii,"1,315,675" 
2007,Idaho,"1,505,105" 
2007,Illinois,"12,695,866" 
2007,Indiana,"6,379,599" 
2007,Iowa,"2,999,212" 
2007,Kansas,"2,783,785" 
2007,Kentucky,"4,256,672" 
2007,Louisiana,"4,375,581" 
2007,Maine,"1,327,040" 
2007,Maryland,"5,653,408" 
2007,Massachusetts,"6,431,559" 
2007,Michigan,"10,001,284" 
2007,Minnesota,"5,207,203" 
2007,Mississippi,"2,928,350" 
2007,Missouri,"5,887,612" 
2007,Montana,"964,706" 
2007,Nebraska,"1,783,440" 
2007,Nevada,"2,601,072" 
2007,New Hampshire,"1,312,540" 
2007,New Jersey,"8,677,885" 
2007,New Mexico,"1,990,070" 
2007,New York,"19,132,335" 
2007,North Carolina,"9,118,037" 
2007,North Dakota,"652,822" 
2007,Ohio,"11,500,468" 
2007,Oklahoma,"3,634,349" 
2007,Oregon,"3,722,417" 
2007,Pennsylvania,"12,563,937" 
2007,Rhode Island,"1,057,315" 
2007,South Carolina,"4,444,110" 
2007,South Dakota,"791,623" 
2007,Tennessee,"6,175,727" 
2007,Texas,"23,831,983" 
2007,Utah,"2,597,746" 
2007,Vermont,"623,481" 
2007,Virginia,"7,751,000" 
2007,Washington,"6,461,587" 
2007,West Virginia,"1,834,052" 
2007,Wisconsin,"5,610,775" 
2007,Wyoming,"534,876" 
2008,Alabama,"4,718,206" 
2008,Alaska,"687,455" 
2008,Arizona,"6,280,362" 
2008,Arkansas,"2,874,554" 
2008,California,"36,604,337" 
2008,Colorado,"4,889,730" 
2008,Connecticut,"3,545,579" 
2008,Delaware,"883,874" 
2008,District of Columbia,"580,236" 
2008,Florida,"18,527,305" 
2008,Georgia,"9,504,843" 
2008,Hawaii,"1,332,213" 
2008,Idaho,"1,534,320" 
2008,Illinois,"12,747,038" 
2008,Indiana,"6,424,806" 
2008,Iowa,"3,016,734" 
2008,Kansas,"2,808,076" 
2008,Kentucky,"4,289,878" 
2008,Louisiana,"4,435,586" 
2008,Maine,"1,330,509" 
2008,Maryland,"5,684,965" 
2008,Massachusetts,"6,468,967" 
2008,Michigan,"9,946,889" 
2008,Minnesota,"5,247,018" 
2008,Mississippi,"2,947,806" 
2008,Missouri,"5,923,916" 
2008,Montana,"976,415" 
2008,Nebraska,"1,796,378" 
2008,Nevada,"2,653,630" 
2008,New Hampshire,"1,315,906" 
2008,New Jersey,"8,711,090" 
2008,New Mexico,"2,010,662" 
2008,New York,"19,212,436" 
2008,North Carolina,"9,309,449" 
2008,North Dakota,"657,569" 
2008,Ohio,"11,515,391" 
2008,Oklahoma,"3,668,976" 
2008,Oregon,"3,768,748" 
2008,Pennsylvania,"12,612,285" 
2008,Rhode Island,"1,055,003" 
2008,South Carolina,"4,528,996" 
2008,South Dakota,"799,124" 
2008,Tennessee,"6,247,411" 
2008,Texas,"24,309,039" 
2008,Utah,"2,663,029" 
2008,Vermont,"624,151" 
2008,Virginia,"7,833,496" 
2008,Washington,"6,562,231" 
2008,West Virginia,"1,840,310" 
2008,Wisconsin,"5,640,996" 
2008,Wyoming,"546,043" 
2009,Alabama,"4,757,938" 
2009,Alaska,"698,895" 
2009,Arizona,"6,343,154" 
2009,Arkansas,"2,896,843" 
2009,California,"36,961,229" 
2009,Colorado,"4,972,195" 
2009,Connecticut,"3,561,807" 
2009,Delaware,"891,730" 
2009,District of Columbia,"592,228" 
2009,Florida,"18,652,644" 
2009,Georgia,"9,620,846" 
2009,Hawaii,"1,346,717" 
2009,Idaho,"1,554,439" 
2009,Illinois,"12,796,778" 
2009,Indiana,"6,459,325" 
2009,Iowa,"3,032,870" 
2009,Kansas,"2,832,704" 
2009,Kentucky,"4,317,074" 
2009,Louisiana,"4,491,648" 
2009,Maine,"1,329,590" 
2009,Maryland,"5,730,388" 
2009,Massachusetts,"6,517,613" 
2009,Michigan,"9,901,591" 
2009,Minnesota,"5,281,203" 
2009,Mississippi,"2,958,774" 
2009,Missouri,"5,961,088" 
2009,Montana,"983,982" 
2009,Nebraska,"1,812,683" 
2009,Nevada,"2,684,665" 
2009,New Hampshire,"1,316,102" 
2009,New Jersey,"8,755,602" 
2009,New Mexico,"2,036,802" 
2009,New York,"19,307,066" 
2009,North Carolina,"9,449,566" 
2009,North Dakota,"664,968" 
2009,Ohio,"11,528,896" 
2009,Oklahoma,"3,717,572" 
2009,Oregon,"3,808,600" 
2009,Pennsylvania,"12,666,858" 
2009,Rhode Island,"1,053,646" 
2009,South Carolina,"4,589,872" 
2009,South Dakota,"807,067" 
2009,Tennessee,"6,306,019" 
2009,Texas,"24,801,761" 
2009,Utah,"2,723,421" 
2009,Vermont,"624,817" 
2009,Virginia,"7,925,937" 
2009,Washington,"6,667,426" 
2009,West Virginia,"1,847,775" 
2009,Wisconsin,"5,669,264" 
2009,Wyoming,"559,851" 
2010,Alabama,"4,785,298" 
2010,Alaska,"713,985" 
2010,Arizona,"6,413,737" 
2010,Arkansas,"2,921,606" 
2010,California,"37,349,363" 
2010,Colorado,"5,049,071" 
2010,Connecticut,"3,577,073" 
2010,Delaware,"899,769" 
2010,District of Columbia,"604,453" 
2010,Florida,"18,843,326" 
2010,Georgia,"9,712,587" 
2010,Hawaii,"1,363,621" 
2010,Idaho,"1,571,450" 
2010,Illinois,"12,843,166" 
2010,Indiana,"6,490,621" 
2010,Iowa,"3,049,883" 
2010,Kansas,"2,859,169" 
2010,Kentucky,"4,346,266" 
2010,Louisiana,"4,544,228" 
2010,Maine,"1,327,567" 
2010,Maryland,"5,785,982" 
2010,Massachusetts,"6,557,254" 
2010,Michigan,"9,877,574" 
2010,Minnesota,"5,310,584" 
2010,Mississippi,"2,970,036" 
2010,Missouri,"5,996,231" 
2010,Montana,"990,898" 
2010,Nebraska,"1,830,429" 
2010,Nevada,"2,704,642" 
2010,New Hampshire,"1,316,759" 
2010,New Jersey,"8,801,624" 
2010,New Mexico,"2,065,932" 
2010,New York,"19,392,283" 
2010,North Carolina,"9,561,558" 
2010,North Dakota,"674,499" 
2010,Ohio,"11,536,182" 
2010,Oklahoma,"3,761,702" 
2010,Oregon,"3,838,957" 
2010,Pennsylvania,"12,709,630" 
2010,Rhode Island,"1,052,886" 
2010,South Carolina,"4,636,312" 
2010,South Dakota,"816,463" 
2010,Tennessee,"6,356,897" 
2010,Texas,"25,257,114" 
2010,Utah,"2,776,469" 
2010,Vermont,"625,960" 
2010,Virginia,"8,024,617" 
2010,Washington,"6,744,496" 
2010,West Virginia,"1,853,973" 
2010,Wisconsin,"5,691,047" 
2010,Wyoming,"564,460" 
2011,Alabama,"4,801,627" 
2011,Alaska,"723,375" 
2011,Arizona,"6,468,796" 
2011,Arkansas,"2,938,506" 
2011,California,"37,668,681" 
2011,Colorado,"5,118,400" 
2011,Connecticut,"3,588,948" 
2011,Delaware,"907,985" 
2011,District of Columbia,"619,624" 
2011,Florida,"19,083,482" 
2011,Georgia,"9,810,181" 
2011,Hawaii,"1,376,897" 
2011,Idaho,"1,583,930" 
2011,Illinois,"12,855,970" 
2011,Indiana,"6,516,336" 
2011,Iowa,"3,064,102" 
2011,Kansas,"2,869,548" 
2011,Kentucky,"4,366,869" 
2011,Louisiana,"4,575,197" 
2011,Maine,"1,327,844" 
2011,Maryland,"5,840,241" 
2011,Massachusetts,"6,606,285" 
2011,Michigan,"9,874,589" 
2011,Minnesota,"5,347,108" 
2011,Mississippi,"2,977,886" 
2011,Missouri,"6,010,065" 
2011,Montana,"997,600" 
2011,Nebraska,"1,841,749" 
2011,Nevada,"2,717,951" 
2011,New Hampshire,"1,318,075" 
2011,New Jersey,"8,836,639" 
2011,New Mexico,"2,077,919" 
2011,New York,"19,502,728" 
2011,North Carolina,"9,651,377" 
2011,North Dakota,"684,867" 
2011,Ohio,"11,549,772" 
2011,Oklahoma,"3,785,534" 
2011,Oregon,"3,867,937" 
2011,Pennsylvania,"12,741,310" 
2011,Rhode Island,"1,050,350" 
2011,South Carolina,"4,673,509" 
2011,South Dakota,"823,772" 
2011,Tennessee,"6,398,361" 
2011,Texas,"25,640,909" 
2011,Utah,"2,814,784" 
2011,Vermont,"626,320" 
2011,Virginia,"8,105,850" 
2011,Washington,"6,821,481" 
2011,West Virginia,"1,855,184" 
2011,Wisconsin,"5,708,785" 
2011,Wyoming,"567,329" 
2012,Alabama,"4,817,528" 
2012,Alaska,"730,307" 
2012,Arizona,"6,551,149" 
2012,Arkansas,"2,949,828" 
2012,California,"37,999,878" 
2012,Colorado,"5,189,458" 
2012,Connecticut,"3,591,765" 
2012,Delaware,"917,053" 
2012,District of Columbia,"633,427" 
2012,Florida,"19,320,749" 
2012,Georgia,"9,915,646" 
2012,Hawaii,"1,390,090" 
2012,Idaho,"1,595,590" 
2012,Illinois,"12,868,192" 
2012,Indiana,"6,537,782" 
2012,Iowa,"3,075,039" 
2012,Kansas,"2,885,398" 
2012,Kentucky,"4,379,730" 
2012,Louisiana,"4,602,134" 
2012,Maine,"1,328,501" 
2012,Maryland,"5,884,868" 
2012,Massachusetts,"6,645,303" 
2012,Michigan,"9,882,519" 
2012,Minnesota,"5,379,646" 
2012,Mississippi,"2,986,450" 
2012,Missouri,"6,024,522" 
2012,Montana,"1,005,494" 
2012,Nebraska,"1,855,350" 
2012,Nevada,"2,754,354" 
2012,New Hampshire,"1,321,617" 
2012,New Jersey,"8,867,749" 
2012,New Mexico,"2,083,540" 
2012,New York,"19,576,125" 
2012,North Carolina,"9,748,364" 
2012,North Dakota,"701,345" 
2012,Ohio,"11,553,031" 
2012,Oklahoma,"3,815,780" 
2012,Oregon,"3,899,801" 
2012,Pennsylvania,"12,764,475" 
2012,Rhode Island,"1,050,304" 
2012,South Carolina,"4,723,417" 
2012,South Dakota,"834,047" 
2012,Tennessee,"6,454,914" 
2012,Texas,"26,060,796" 
2012,Utah,"2,854,871" 
2012,Vermont,"625,953" 
2012,Virginia,"8,186,628" 
2012,Washington,"6,895,318" 
2012,West Virginia,"1,856,680" 
2012,Wisconsin,"5,724,554" 
2012,Wyoming,"576,626" 
2013,Alabama,"4,833,722" 
2013,Alaska,"735,132" 
2013,Arizona,"6,626,624" 
2013,Arkansas,"2,959,373" 
2013,California,"38,332,521" 
2013,Colorado,"5,268,367" 
2013,Connecticut,"3,596,080" 
2013,Delaware,"925,749" 
2013,District of Columbia,"646,449" 
2013,Florida,"19,552,860" 
2013,Georgia,"9,992,167" 
2013,Hawaii,"1,404,054" 
2013,Idaho,"1,612,136" 
2013,Illinois,"12,882,135" 
2013,Indiana,"6,570,902" 
2013,Iowa,"3,090,416" 
2013,Kansas,"2,893,957" 
2013,Kentucky,"4,395,295" 
2013,Louisiana,"4,625,470" 
2013,Maine,"1,328,302" 
2013,Maryland,"5,928,814" 
2013,Massachusetts,"6,692,824" 
2013,Michigan,"9,895,622" 
2013,Minnesota,"5,420,380" 
2013,Mississippi,"2,991,207" 
2013,Missouri,"6,044,171" 
2013,Montana,"1,015,165" 
2013,Nebraska,"1,868,516" 
2013,Nevada,"2,790,136" 
2013,New Hampshire,"1,323,459" 
2013,New Jersey,"8,899,339" 
2013,New Mexico,"2,085,287" 
2013,New York,"19,651,127" 
2013,North Carolina,"9,848,060" 
2013,North Dakota,"723,393" 
2013,Ohio,"11,570,808" 
2013,Oklahoma,"3,850,568" 
2013,Oregon,"3,930,065" 
2013,Pennsylvania,"12,773,801" 
2013,Rhode Island,"1,051,511" 
2013,South Carolina,"4,774,839" 
2013,South Dakota,"844,877" 
2013,Tennessee,"6,495,978" 
2013,Texas,"26,448,193" 
2013,Utah,"2,900,872" 
2013,Vermont,"626,630" 
2013,Virginia,"8,260,405" 
2013,Washington,"6,971,406" 
2013,West Virginia,"1,854,304" 
2013,Wisconsin,"5,742,713" 
2013,Wyoming,"582,658" 
